dataset,GA,PA,ED,N_ED
HDFS,1.0,1.0,0.0,1.0
Hadoop,0.9795,0.959,1.6125,0.9825
Spark,0.9815,0.9675,1.969,0.98429
Zookeeper,0.9745,0.972,0.279,0.99426
BGL,0.991,0.9675,0.6655,0.99342
HPC,0.9525,0.9485,0.3325,0.99637
Thunderbird,0.922,0.8635,13.971,0.93877
Windows,1.0,0.9865,0.585,0.99484
Linux,0.933,0.975,0.185,0.99456
Android,0.9575,0.7925,9.0145,0.96078
HealthApp,0.9195,0.918,2.533,0.96195
Apache,1.0,0.994,0.006,0.99977
OpenSSH,1.0,0.9985,0.007,0.9999
OpenStack,1.0,0.964,1.8645,0.9832
Mac,0.83,0.678,10.3855,0.91431
avg,0.9627,0.9323,2.894,0.97993
