dataset,GA,PA,ED,N_ED
proxifier,0.5265,0.5065,11.0235,0.84663
avg,0.5265,0.5065,11.0235,0.84663
