dataset,GA,PA,ED,N_ED
proxifier,1.0,0.9855,0.237,0.99742
avg,1.0,0.9855,0.237,0.99742
