dataset,GA,PA,ED,N_ED
proxifier,0.8809,0.3335,16.083,0.74116
avg,0.8809,0.3335,16.083,0.74116
